Web Development,Data Science,Big Data,Digital Marketing,Excel,Search Engine Optimization,Programmable Logic Controller,Supervisory Control and Data Acquisition,Software Development,Robotics,Animation,Video Editing,Film Making,Graduate Record Examinations,Graduate Management Admission Test,Art Forms,Marketing,Cyber Security,Language,Computer Networks,Project Management,Cloud Computing,,AI/ML,PLC,SCADA,JAVA,Tax Saving
Parallax,Datalogy,Bibcode,SMS,XML,Yandex,Enlarge,Wonderware,Plan,CiteSeerX,Finland,Synchronization,Soundtrack,Knewton,Management,Denotation,Sales,Botnet,Sahara,Microwave,Methodology,Databases,,machine,PLC,PLC,java,Income Tax
,BIRCH,Permutation,ECRM,XML,Spamdexing,Relay,Enlarge,Anjuta,Architecture,Docufiction,EditDroid,Clapperboard,Holism,MBA,Prophecy,Brand,Cryptosystem,Vowel,Ethernet,Throughput,Outsourcing,,learning,controller,HMI,javafx,Sales Tax
,BIRCH,OCLC,YouTube,PowerPoint,Backlinks,Enlarge,Stuxnet,Demographics,Bibcode,Demoscene,Sequence,Cinematographer,Prometric,GMAT,Kitsch,Brand,Internet,Timbre,Cyberattack,Enlarge,Productivity,,,assembly lines,SCADA,servlets,GST
SQL,Theory,CERN,IPhone,Microsoft,Ricoh,Hydraulic,Modbus,Software,Etymology,Lolicon,Shuffling,Screenwriting,SAT,Management,Perception,Brand,Malware,Relexification,ADSL,Methodology,Switzerland,,data,state logic,,applets,CGST
Bootstrap,Theory,Dell,FTP,Microsoft,Google,EPROM,VPN,Database,Cyborg,Stroboscope,Interaction,Curlie,SAT,Management,Vienna,Massachusetts,Botnet,Linguistics,Data,Enlarge,Rackspace,,scientist,state transition diagrams,,object oriented programming,Capital
CSS,Paradigm,YouTube,Internet,Microsoft,DMOZ,Hydramatic,VPN,GitHub,Cyberflora,Enlarge,Microscope,Film,Enlarge,GMAT,Modernism,Psychology,Smartphone,Uvula,HTTPS,OCLC,Census,,Gradient,boolean algebra,,jdbc,Stock
CSS,Statistician,Exabyte,Internet,XML,Google,Debugging,Minicomputers,Enlarge,Speech,Paleolithic,Shuffling,Greensman,Undergraduate,GMAT,Carpentry,Mathematics,Electromagnetism,Nasalization,Ethernet,Project,VLAN,,,plr,,multithreading,Gross Income
,BIRCH,Bibcode,CiteSeerX,JavaScript,Internet,Sensor,CNET,Multiprocessing,Rotimatic,Blaxploitation,Synchronization,Orchestration,Enlarge,MBA,Poetry,Neuroscience,Hacktivism,Multilingualism,Computer,OCLC,Google,,,ladder logic,,exception handling,
PHP,Analytics,Walmart,Marketing,Reuters,Yahoo,EPROM,Instrumentation,API,Lego,Skyland,Google,Orchestration,MCAT,Management,Woodcut,Enlarge,Telecommunication,Deixis,Modem,Enlarge,Google,,,Rockwell,,jvm,
Python,DeepDream,Bibcode,Data,DBase,Yandex,Sensor,VPN,Software,Agriculture,Ethnofiction,Interaction,Interview,SAT,Management,Tate,Macromarketing,Microsoft,Hindi,Extranet,Enlarge,Gartner,,,,,apache tomcat,
SQL,Autoencoder,Buzzword,SMS,Encrypted,Infoseek,Solenoid,WinCC,Expertise,RoboSub,Photoshop,Microsoft,Illustrator,MBA,GMAT,Gastronomy,JSTOR,Cybercrime,Inflection,Internetwork,Enlarge,Microservices,,Statistics,,,,
XSLT,DeepDream,Uyghurs,ECRM,CiteSeerX,Sitemaps,SCADA,KEMA,Cryptography,Penguin,Cyberpunk,Microscope,Narrative,Undergraduate,MBA,Petroglyphs,Brand,Cryptography,Rhotics,Darknet,DuPont,Cgroups,,Python,,,,
SQL,Theory,SSD,YouTube,Spreadsheet,Sitemap,Relay,Actuators,Goto,Kinematics,Wuxia,DVD,Animator,Knewton,Management,Olmec,Infotainment,Cyberspace,Semiosis,Darknet,Budget,Enlarge,,R,,,,
MySQL,Theory,BBC,YouTube,PowerPoint,Ricoh,Hydraulic,Cryptography,Implementation,Claytronics,Television,Guillotine,Narrative,MCAT,Management,Enlarge,Advertising,Hacktivism,Larynx,OGAS,OCLC,Productivity,,,,,,
HTML,Perceptron,Bibcode,Internet,Spreadsheet,Hitwise,Voltage,Rootkit,Debugging,Autonomous,Poliziotteschi,Codec,Storyboard,GRE,GMAT,Connotation,Enlarge,Cyberwarfare,Utterance,Routing,Enlarge,Telephony,,Classification,,,,
,Perceptron,CERN,SMS,Chart,Yandex,Enlarge,Minicomputers,GitHub,Evolution,Grindhouse,Interaction,Retail,SAT,Management,Poststructuralism,Economics,Forensics,Phonemes,Modem,Vitruvius,Productivity,,data,,,,
,Knowledge,Genomics,IPhone,Multiplan,Backlinks,Enlarge,Siemens,Debugger,Biomimetics,Kammerspielfilm,LaserDisc,Book,Correlation,Management,Surrealism,Macromarketing,Cybercrime,Esperanto,Ethernet,Enlarge,OpenStack,,science,,,,
XSLT,Paradigm,Microsoft,Data,VisiCalc,Website,Ethernet,Modbus,Middleware,ABB,Rotoscoping,Enlarge,Enlarge,SAT,Management,Postmodernism,Newspeak,China,Homo,Extranet,PERT,Laptop,,,,,,
Accordions,Methodology,IBM,Data,Spreadsheet,Aliweb,Siemens,Stuxnet,Cryptography,Enlarge,Phenakistiscope,Blindfold,Scriptment,Knewton,GMAT,Autism,Sales,RFID,Verb,Cyberattack,Risk,Gartner,,regression,,,,
PYTHON,Paradigm,Bibcode,Internet,Histogram,Google,Solenoid,Minicomputers,Engineering,Radar,Puppetoon,Workstation,Filmmaking,JSTOR,GMAT,Darfur,Enlarge,Bundesnachrichtendienst,Human,Multicast,Management,Gartner,,,,,,
XML,BIRCH,Statistics,SMS,VisiCalc,Ricoh,Robotic,Infrastructure,Business,Animatronics,Chopsocky,DVD,Screenplay,MBA,MBA,Iliad,Deception,Forensics,Neurolinguistics,ITU,PERT,Indirection,,,,,,
HTML,Statistics,Buzzword,Data,Triskaidekaphobia,Google,Enlarge,Instrumentation,Refactoring,Gesture,Internet,Google,Cinematographer,JSTOR,GMAT,Aesthetic,Subversion,Biometric,Hindi,Enlarge,Computing,Business,,linear regression,,,,
XML,Interdisciplinarity,Facebook,Technology,Spreadsheet,Seznam,CNC,Telemetry,Compiler,Robot,Interpolation,Opensource,Bollywood,Enlarge,GMAT,Horsemanship,Indoctrination,Smartphone,Grammaticalization,Extranet,Auditor,Productivity,,polynomial regression,,,,
PHP,Statistics,Marketing,SMS,BYTE,Algorithm,Robotic,EPICS,TEAF,Enlarge,Zoetrope,LaserDisc,Finance,GRE,MBA,Globalization,Slogan,SYSGO,Adjective,Routing,Management,Laptop,,,,,,
BOOTSTRAP,Perceptron,Prognostics,Marketing,Enlarge,Google,Relay,Actuators,Enlarge,Vitrification,Animator,QuickTime,Scriptment,Enlarge,Management,Techne,Exhibitions,Stuxnet,Mutation,Internetworking,OCLC,NIST,,svr,,,,
,Forbes,OCLC,Internet,JavaScript,Backlinks,AEG,Enlarge,IDEF,Enlarge,Animatronics,Dialogue,Videography,Mathematics,GMAT,Painting,Mathematics,SYSGO,Paris,Hushmail,Auditor,IaaS,,decision tree,,,,
jQuery,Analytics,Facebook,Data,IWork,HTML,Voltage,VPN,Goto,Muscle,Curlie,Flashforward,Scriptment,Mathematics,MBA,Postmodernism,Pricing,KGB,Evolution,Hacktivist,Throughput,Internet,, ,,,,
CSS,Mathematics,Turbulence,ECRM,Microsoft,HTML,Sensor,Ship,Business,Screenless,Maquette,Guillotine,Political,MBA,MBA,Structuralism,Telemarketing,TEMPEST,Linguistics,Throughput,Computing,PandoDaily,,,,,,
PHP,Statistician,DARPA,CiteSeerX,Reuters,Aliweb,USB,Siemens,ITIL,CNBC,Gokud≈ç,Microsoft,DV,MBA,MBA,Idea,Deplatforming,Authentication,JSTOR,CYCLADES,OCLC,InfoWorld,,,,,,
SQL,Statistics,ArXiv,Internet,Enlarge,Spamdexing,CNC,KEMA,Anjuta,Architecture,Phenakistoscope,Opensource,Cinematography,Holism,GMAT,Idealism,Canvassing,Dongle,Morpheme,Enlarge,CMMI,Enlarge,,random forest,,,,
,DeepDream,Exabytes,CiteSeerX,Spreadsheet,Enlarge,VxWorks,Enlarge,Structure,Hyperloop,Ozploitation,Codec,Soundtrack,JSTOR,Management,Surrealism,Inflation,Cryptography,Rhotics,Repeater,Budget,PaaS,,,,,,
Tooltips,Datalogy,MapReduce,Technology,Enlarge,Baidu,BASIC,Siemens,Implementation,Hospi,Robotics,Sequence,Screenwriting,JSTOR,Management,Disgust,Understatement,UNIX,Globalization,Enlarge,OCLC,Cgroups,,logistic regression,,,,
JAVASCRIPT,Forbes,ArXiv,CiteSeerX,Spreadsheet,CNET,Ethernet,Infrastructure,IDEF,Nanomedicine,Enlarge,IMovie,Curlie,MCAT,Management,Lightness,Copywriting,Biometric,Pragmatics,Routing,Throughput,Multitenant,,,,,,
PHP,Statistician,Quintillion,YouTube,Spreadsheet,DMOZ,CNC,Manufacturing,Implementation,Flight,Featurette,LaserDisc,Storyboard,Enlarge,GMAT,Geometry,Advertising,Superuser,Rousseau,Hacktivist,Vitruvius,Enlarge,,k-nn,,,,
SQL,Datalogy,DARPA,IPhone,Spreadmart,Forbes,Relay,VPN,SEMAT,Claytronics,Animatronics,Microsoft,Insurance,GMAT,MBA,Homer,Demand,Botnet,Bonobo,Ethernet,DuPont,SaaS,,svm,,,,
,Data,Facebook,SMS,MacOS,PageRank,Relay,Telemetry,Refactoring,Lidar,Puppetoon,Google,Photography,Correlation,GMAT,Socrates,Economics,Telecommunication,Grammaticalized,Extranet,Deliverable,Switzerland,,naive bayes,,,,
HTML,Paradigm,Prognostics,CiteSeerX,Fortran,Curlie,SCADA,Infrastructure,Marketing,Vaimos,Interpolation,Dialogue,Scriptment,GRE,MBA,Enlarge,Macromarketing,Firmware,Relexification,ZRTP,Requirement,Microservices,,,,,,
,Theory,Buzzword,Data,Spreadsheet,Forbes,Voltage,Cryptography,Debugger,Robot,Pixilation,IMovie,VHS,Mathematics,MBA,Aesthetics,Protest,Legal,Pragmatics,ADSL,OCLC,TechCrunch,,,,,,
MySQL,Statistics,Hadoop,Internet,Microsoft,Seznam,Solenoid,Enlarge,TEAF,Touch,Mexploitation,Interaction,Website,SAT,Management,Axiology,Pricing,Verizon,Palate,OGAS,Enlarge,OpenNebula,,,,,,
AngularJS,Statistics,Connectomics,ECRM,Spreadsheet,Baidu,Ethernet,Instrumentation,ITIL,Enlarge,Lego,Opensource,Insurance,GMAT,Management,Sultan,Machiavellianism,Military,Structuralism,Ethernet,PERT,ARPANET,,classification,,,,
XML,Autoencoder,Google,FTP,Spreadsheet,StatCounter,Automation,VirusBlokAda,Smalltalk,Enlarge,Featurette,Opensource,Composer,GRE,Management,Kant,Advertising,Verizon,Prepositions,CdmaOne,DuPont,Confidentiality,,,,,,
REFERENCES,Statistics,YouTube,SMS,PowerPoint,Baidu,Dishwasher,Ship,DevOps,Enlarge,Tokusatsu,DVD,Screenplay,Correlation,Management,Entertainment,Astroturfing,Cyberwarfare,Innatism,Email,Enlarge,Databases,,,,,,
Dropdowns,Perceptron,Supercomputer,Data,Microsoft,Google,Relay,WinCC,Engineering,YouTube,Cel,Footage,Audiography,SAT,GMAT,Nude,Psychology,NSA,Holophrasis,Enlarge,SimulTrain,Productivity,,,,,,
XML,Interdisciplinarity,SSD,IPhone,Enlarge,Spamdexing,Relay,VPN,Structure,Robonaut,Enlarge,Footage,Compositing,Prometric,GMAT,Mimesis,Anthropology,Botnet,Enlarge,ZRTP,OCLC,Indirection,,clustering,,,,
HTML,Knowledge,Tensor,Marketing,Subroutine,Altavista,SCADA,Stuxnet,Database,Radar,Semidocumentary,Supercut,Screenwriter,GMAT,GMAT,Michelangelo,Petition,NSA,Cantonese,Hushmail,Budgeting,Siri,,k-means clustering,,,,
HTML5,Mathematics,Exabyte,Marketing,Microsoft,Spamdexing,Solenoid,Rootkit,Marketing,Technology,Kaiju,Microscope,Enlarge,SAT,Management,Darfur,Understatement,Bundesnachrichtendienst,Prehistory,Routing,Enlarge,OpenStack,,hierarchical clustering,,,,
SQL,Statistics,Zettabyte,Data,IOS,Google,SCADA,Manufacturing,Plan,Bibcode,Chuckimation,LaserDisc,Screenwriter,SAT,GMAT,Globalization,Goods,Cybercrime,Linguistics,FDDI,Auditor,OpenNebula,,,,,,
JavaScript,Statistician,Google,Marketing,Spreadsheet,Google,Electrician,Modbus,Implementation,Mouse,Lollywood,Interaction,DVD,Knewton,GMAT,Aesthetic,Consumer,Passwords,Verb,Enlarge,Throughput,Multitenant,,association rule learning,,,,
XQuery,Methodology,Google,CiteSeerX,Microsoft,Algorithm,Enlarge,FORTRAN,XML,CiteSeerX,Fantastique,Supercut,Enlarge,Prometric,Management,Petroglyphs,Economics,Cryptography,Vowels,Enlarge,Budget,NIST,,,,,,
PHP,Buzzword,BBC,SMS,Spreadsheet,Spamdexing,Actuator,Instrumentation,IDEF,Nanorobotics,Cinemagraph,Footage,Enlarge,SAT,GMAT,Matisse,Persuasion,Encryption,Linguistics,Enlarge,Project,Microsoft,,,,,,
CSS3,Big Data,Zettabytes,target ad,,,PLC,,,Capacitors,Unity,Video Editing,,,,Art,,Blackhat,,,Communication,Agility,,apriori,,,,
React,Predictive,Yottabytes,affiliate,,,controller,,,Resistors,Blender,Lumitri,,,,Paintings,,Breach,,,Leadership,Broadband,,reinforcement learning,,,,
Node Js,Accuracy ,Visualization,social media,,,assembly lines,,,Diodes,Cinematography,Color Correction,,,,Drawings,,Command,,,Team Management,Community,,,,,,
Bootstrap 4,Critical,Terabyte,strategy,,,state logic,,,DC,Animation,Audio Mixing,,,,Craft,,DDOS,,,Negotiation,Elasticity,,upper confidence bound,,,,
,Analysis,Stream,direct,,,state transition diagrams,,,AC,3D,,,,,Design,,Domain,,,Collaborative,Interoperability,,,,,,
,Methodologies,Spatial,seo†,,,boolean algebra,,,Amplifier,Rendering,,,,,Sculpture,,Exploit,,,Transformation,Infrastructure,,,,,,
,Manipulation,Smart,b2b†,,,plr,,,Robo C,Modeling,,,,,Mosaic,,Firewall,,,Risk Management,Migration,,thompson sampling,,,,
,Wrangling,Saas,web marketing,,,ladder logic,,,Arduino,,,,,,Graffiti,,Honeypot,,,Risk,Multi-Tenancy,,,,,,
,Tools,RFID,,,,Rockwell,,,Raspberry PI,,,,,,Manuscript,,Phising,,,Management,Navigation,,natural language processing,,,,
,Data Mining,Neural,,,,,,,Electronics,,,,,,,,Ransomware,,,Team ,Optimization,,,,,,
,Evaluate,Network,,,,,,,,,,,,,,,Spoofing,,,Plans,Private,,,,,,
,Interpret,language,,,,,,,,,,,,,,,Trojan,,,Execution,Provisioning,,bag of words,,,,
,Metrics,Multivalue,,,,,,,,,,,,,,,Virtual,,,Deadlines,Public,,,,,,
, Calculus,Metadata,,,,,,,,,,,,,,,Virus,,,Coordination,Risk,,nlp,,,,
,Algebra,Hbase,,,,,,,,,,,,,,,Vulnerability,,,Analytical,Security,,rnn,,,,
,Visualizations,Load,,,,,,,,,,,,,,,Worm,,,Timeline,Smart Phones,,,,,,
,Research,MongoDb,,,,,,,,,,,,,,,Whitehat,,,Client,Social Media,,artificial neural networks,,,,
,Risk Modeling,Multi-Dimension,,,,,,,,,,,,,,,Zombie,,,Persuasion,Standards,,,,,,
,Testing ,HANA,,,,,,,,,,,,,,,Skimming,,,Designed ,Storage,,,,,,
,Open-Mindedness,Hadoop,,,,,,,,,,,,,,,Backdoor,,,Design,Virtual Machines,,convolutional neural networks,,,,
,Adaptability,Fuzzy,,,,,,,,,,,,,,,Credential,,,Manage,Workload,,,,,,
,Technical,Dirty Data,,,,,,,,,,,,,,,Darknet,,,Business,"Data Centers, Dynamic data centers",,dimensionality reduction,,,,
,Decision Making,Gamification,,,,,,,,,,,,,,,Fluxing,,,Ability,Provisioning,,,,,,
,Decision Trees,Graph,,,,,,,,,,,,,,,Keyloggers,,,Administration,Business Agility,,,,,,
,Creativity,Visualisation,,,,,,,,,,,,,,,Bomb,,,Assign,Flexibility,,lda,,,,
,Environment,DaaS,,,,,,,,,,,,,,,Rootkits,,,,Workload,,pca,,,,
,Logical,Virtual,,,,,,,,,,,,,,,Bootkits,,,,Private Cloud,,model selection,,,,
,Problem,Analytics,,,,,,,,,,,,,,,Shell,,,,Public Cloud,,,,,,
, Consensus,Connection,,,,,,,,,,,,,,,Payloads,,,,Hybrid Cloud,,boosting,,,,
,Assertiveness,Cluster,,,,,,,,,,,,,,,Intrusion,,,,Compliance,,k-fold validation,,,,
,Collaboration,Comparative,,,,,,,,,,,,,,,Gateway,,,,Legal,,,,,,
,Consulting,Biometrics,,,,,,,,,,,,,,,Cyberwarfare,,,,Privacy,,parameter tuning,,,,
,Documenting,Clickstreams,,,,,,,,,,,,,,,,,,,MVC,,,,,,
,Drawing,Comparative,,,,,,,,,,,,,,,,,,,Multi tenant,,grid search,,,,
,Facilitating,Brontobytes,,,,,,,,,,,,,,,,,,,Risk,,,,,,
,Leadership,Sqoop,,,,,,,,,,,,,,,,,,,Trust,,Keras,,,,
,Mentoring,Apache,,,,,,,,,,,,,,,,,,,Security,,Tensorflow,,,,
,Presentation,Avro,,,,,,,,,,,,,,,,,,,Governance,,Pytorch,,,,
,Professionals,Cassandra,,,,,,,,,,,,,,,,,,,Economics,,Sklearn,,,,
,Reporting,Clojure,,,,,,,,,,,,,,,,,,,Flawless navigation,,cnn,,,,
,Supervisory,CEP,,,,,,,,,,,,,,,,,,,Graceful migration,,,,,,
,Training,Confabulation,,,,,,,,,,,,,,,,,,,Disruptive migration,,backpropagation,,,,
,Communications,Dashboard,,,,,,,,,,,,,,,,,,,Workload,,normalization,,,,
,Techniques,Cleaning,,,,,,,,,,,,,,,,,,,Optimization,,regularisation,,,,
,Identifying,Feed,,,,,,,,,,,,,,,,,,,Community Cloud,,boltzmann machine,,,,
,Maintaining,Governance,,,,,,,,,,,,,,,,,,,,,decision boundary,,,,
,Information,Integration,,,,,,,,,,,,,,,,,,,,,,,,,
,Linear ,Mart,,,,,,,,,,,,,,,,,,,,,feature selection,,,,
,Models,Mining,,,,,,,,,,,,,,,,,,,,,feature scaling,,,,
,Machine Learning ,Profiling,,,,,,,,,,,,,,,,,,,,,genetic algorithms,,,,
,Multivariable,Quality,,,,,,,,,,,,,,,,,,,,,,,,,
,Statistics,Replivation,,,,,,,,,,,,,,,,,,,,,gradient-descent,,,,
,Statistical,Repository,,,,,,,,,,,,,,,,,,,,,kernel,,,,
,Modeling,Demographic,,,,,,,,,,,,,,,,,,,,,markov,,,,
,Hypotheses,Exabyte,,,,,,,,,,,,,,,,,,,,,,,,,
,Algorithms,ETL,,,,,,,,,,,,,,,,,,,,,,,,,
,Computer Skills,Exploratory,,,,,,,,,,,,,,,,,,,,,unsupervised,,,,
,Plotting,Flume,,,,,,,,,,,,,,,,,,,,,supervised,,,,
,Matlab,Grid,,,,,,,,,,,,,,,,,,,,,,,,,
,Microsoft Excel,Impala,,,,,,,,,,,,,,,,,,,,,,,,,
,Perl,,,,,,,,,,,,,,,,,,,,,,,,,,
,Python,,,,,,,,,,,,,,,,,,,,,,,,,,
,Reporting Tool Software,,,,,,,,,,,,,,,,,,,,,,,,,,
,SQL,,,,,,,,,,,,,,,,,,,,,,,,,,
,NoSQL,,,,,,,,,,,,,,,,,,,,,,,,,,
,Tableau,,,,,,,,,,,,,,,,,,,,,,,,,,
,Hypotheses,,,,,,,,,,,,,,,,,,,,,,,,,,
,Guidelines,,,,,,,,,,,,,,,,,,,,,,,,,,
,Warehouse,,,,,,,,,,,,,,,,,,,,,,,,,,
,Seaborn,,,,,,,,,,,,,,,,,,,,,,,,,,
,Matplotlib,,,,,,,,,,,,,,,,,,,,,,,,,,
,Numpy,,,,,,,,,,,,,,,,,,,,,,,,,,
,Panda,,,,,,,,,,,,,,,,,,,,,,,,,,
,CSV,,,,,,,,,,,,,,,,,,,,,,,,,,
,Dataframe,,,,,,,,,,,,,,,,,,,,,,,,,,
,Pivot,,,,,,,,,,,,,,,,,,,,,,,,,,
,Marts,,,,,,,,,,,,,,,,,,,,,,,,,,
,Cleaning,,,,,,,,,,,,,,,,,,,,,,,,,,
,ETL,,,,,,,,,,,,,,,,,,,,,,,,,,
,Preprocessing,,,,,,,,,,,,,,,,,,,,,,,,,,
